Address,Current_Assesed_Value,Sale_Amount,Sale_Date,
126 NICHOLS ST,138710,NA,NA,
104 NICHOLS ST,23280,35000,05/15/2015,
35 WARE ST,219540,265000,06/25/2013,
11 MOUNTAIN AVE,117530,NA,NA,
241 COLLEGE ST,207100,NA,NA,
29 FRYE ST,273600,NA,NA,
24 FRYE ST,247300,NA,NA,
110 RUSSELL ST,289800,NA,NA,
240 COLLEGE ST,210400,NA,NA,
235 COLLEGE ST,191200,NA,NA,
148 WOOD ST,212100,NA,NA,
245 COLLEGE ST,109100,NA,NA,
31 FRYE ST,169900,NA,NA,
28 FRYE ST,187100,NA,NA,
26 FRYE ST,183500,NA,NA,
31 CAMPUS AVE,339600,NA,NA,
27 FRYE ST,313000,NA,NA,
52 CAMPUS AVE,5552600,NA,NA,
270 COLLEGE ST,2168100,NA,NA,
250 COLLEGE ST,178100,NA,NA,
16 FRYE ST,190600,NA,NA,
78 CAMPUS AVE,2374100,NA,NA,
142 WOOD ST,216800,NA,NA,
44 MOUNTAIN AVE,590300,NA,NA,
11 CAMPUS AVE,408000,NA,NA,
257 COLLEGE ST,2975000,NA,NA,
137 RUSSELL,11979400,NA,NA,
30 FRYE ST,268900,NA,NA,
151 WOOD ST,45500,NA,NA,
145 WOOD ST,41100,NA,NA,
361 COLLEGE ST,114900,NA,NA,
32 MOUNTAIN AVE,137640,NA,NA,
338 COLLEGE ST,95840,NA,NA,
18 FRYE ST,109700,NA,NA,
226 COLLEGE ST,183100,NA,NA,
117 WOOD ST,17800,NA,NA,
125 WOOD ST,170400,NA,NA,
121 NICHOLS ST,23900,NA,NA,
173 WOOD ST,486200,NA,NA,
104 BARDWELL ST,27750,NA,NA,
143 WOOD ST,25320,NA,NA,
170 COLLEGE ST,135000,159000,07/25/2018,
227 COLLEGE ST,191600,NA,NA,
195 COLLEGE ST,26250,NA,NA,
55 CAMPUS AVE,5857400,NA,NA,
132 NICHOLS ST,127480,NA,NA,
74 BARDWELL ST,117900,155000,10/08/2004,
135 WOOD ST,11700,NA,NA,
136 NICHOLS ST,112700,NA,NA,
97 BARDWELL ST,147240,NA,NA,
142 NICHOLS ST,114800,NA,NA,
80 CENTRAL AVE,91920,NA,NA,
362 COLLEGE ST,18200,0,11/30/2010,
63 FRANKLIN ST,105490,146000,12/16/2011,
45 CAMPUS AVE,10041800,NA,NA,
161 WOOD ST,260200,NA,NA,
138 WOOD ST,41300,NA,NA,
93 BARDWELL ST,90900,149000,12/17/2010,
100 NICHOLS ST,137050,NA,NA,
163 WOOD ST,227900,NA,NA,
94 RUSSELL ST,97400,NA,NA,
17 FRYE ST,191600,NA,NA,
11 FRYE ST,28200,NA,NA,
101 BARDWELL ST,115000,145000,04/12/2010,
96 BARDWELL ST,26950,NA,NA,
10 FRYE ST,525000,277100,05/20/2009,
205 COLLEGE ST,123660,NA,NA,
239 COLLEGE ST,217700,NA,NA,
74 FRANKLIN ST,153850,181000,03/02/2018,
62 CENTRAL AVE,98300,131000,06/26/2018,
78 BARDWELL ST,107700,200000,12/10/2021,
342 COLLEGE ST,24300,NA,NA,
340 COLLEGE ST,127140,NA,NA,
158 WOOD ST,33500,NA,NA,
60 CENTRAL AVE,119000,170000,01/13/2020,
84 LAFAYETTE ST,22300,NA,NA,
137 NICHOLS ST,24840,145000,02/08/2017,
157 CENTRAL AVE,85850,NA,NA,
74 LAFAYETTE ST,94200,NA,NA,
80 LAFAYETTE ST,107680,NA,NA,
124 RUSSELL ST,25300,NA,NA,
134 NICHOLS ST,125030,NA,NA,
138 NICHOLS ST,109560,NA,NA,
126 WOOD ST,115800,NA,NA,
101 NICHOLS ST,25700,NA,NA,
95 NICHOLS ST,105060,NA,NA,
78 CENTRAL AVE,19200,102500,01/24/2020,**
154 WOOD ST,160100,NA,NA,
84 BARDWELL ST,89280,124000,09/13/2005,
36 MOUNTAIN AVE,143800,NA,NA,
128 NICHOLS ST,122100,150000,06/23/2004,
65 FRANKLIN ST,96250,125000,05/15/2006,
64 CENTRAL AVE,104200,210000,10/13/2021,
90 BARDWELL ST,199620,208550,11/14/2016,
154 RUSSELL,123200,NA,NA,
130 WOOD ST,32320,NA,NA,
211 COLLEGE ST,27800,NA,NA,
136 CENTRAL AVE,17000000,NA,NA,
280 COLLEGE ST,8000000,NA,NA,
23 RUSSELL ST,11100,7000,07/01/2003,
66 VALE ST,146520,180000,08/17/2018,
257 COLLEGE ST,11142500,NA,NA,
165 CENTRAL AVE,20400,NA,NA,
60 STRAWBERRY AVE,117420,103000,06/29/2021,
129 WOOD ST,25320,NA,NA,
30 VALE ST,28800,NA,NA,
215 COLLEGE ST,203000,NA,NA,
75 FRANKLIN ST,128760,NA,NA,
134 WOOD ST,30900,NA,NA,
99 RUSSELL ST,663000,NA,NA,
65 CAMPUS AVE,643800,NA,NA,
84 FRANKLIN ST,103380,NA,NA,
99 RUSSELL ST,2443800,NA,NA,
147 WOOD ST,32500,NA,NA,
262 COLLEGE ST,30900,NA ,NA,
75 RUSSELL ST,3779700,NA,NA,
257 COLLEGE ST,340000,NA,NA,
257 COLLEGE ST,2207000,NA,NA,
257 COLLEGE ST,1414100,NA,NA,
257 COLLEGE ST,2284100,NA,NA,
257 COLLEGE ST,11202300,NA,NA,
257 COLLEGE ST,629600,NA,NA,
257 COLLEGE ST,8329600,NA,NA,
257 COLLEGE ST,1177200,NA,NA,
257 COLLEGE ST,1383800,NA,NA,
257 COLLEGE ST,1396500,NA,NA,
257 COLLEGE ST,2251400,NA,NA,
257 COLLEGE ST,689000,NA,NA,
96 CAMPUS AVE,1716000,1950000,09/20/2021,
52 CAMPUS AVE,1079900,NA,NA,
52 CAMPUS AVE,505800,NA,NA,
52 CAMPUS AVE,821800,NA,NA,
52 CAMPUS AVE,1052900,NA,NA,
137 RUSSELL ST,2316900,NA,NA,
256 COLLEGE ST,219500,NA,NA,
86 RUSSELL ST,26000,NA,NA,
50 VALE ST,16200,70000,11/02/2012,
32 WARE ST,131520,220000,09/24/2010,
52 WARE ST,322640,480000,07/02/2012,
348 COLLEGE ST,18960,480000,07/02/2012,
107 NICHOLS ST,129700,140000,05/15/2015,
19 FRYE ST,245000,NA,NA,
350 COLLEGE ST,88100,NA,NA,
68 CENTRAL AVE,86400,95619,04/16/2009,
129 NICHOLS ST,104030,NA,NA,
55 WARE ST,191580,NA,NA,
203 COLLEGE ST,29250,NA,NA,
94 NICHOLS ST,26100,NA,NA,
72 RUSSELL ST,69180,NA,NA,
108 NICHOLS ST,108410,NA,NA,
352 COLLEGE ST,126180,NA,NA,
356 COLLEGE ST,98250,NA,NA,
128 RUSSELL ST,35280,NA,NA,
11 BENSON ST,126360,22500,06/13/2006,
68 RUSSELL ST,127400,NA,NA,
85 FRANKLIN ST,108260,NA,NA,
3 BENSON ST,109430,NA,NA,
146 WOOD ST,187800,NA,NA,
40 MOUNTAIN AVE,280960,NA,NA,
116 WOOD ST,39000,NA,NA,
34 VALE ST,17200,75000,04/01/2005,
193 COLLEGE ST,24800,NA,NA,
80 RUSSELL ST,87240,NA,NA,
220 COLLEGE ST,158400,NA,NA,
